epoch,train_loss,val_mae
1,0.428845,0.430731
2,0.360551,0.476993
3,0.338092,0.453100
4,0.314037,0.385753
5,0.295291,0.321875
